{"cameraMode":{"drawMode":0,"name":"Shaded","section":"Shading Mode"},"sceneLighting":true,"audioPlay":false,"sceneViewState":{"m_AlwaysRefresh":false,"showFog":true,"showSkybox":true,"showFlares":true,"showImageEffects":true,"showParticleSystems":true,"showVisualEffectGraphs":true,"m_FxEnabled":true},"in2DMode":false,"pivot":{"x":6.484550952911377,"y":1.7642993927001954,"z":10.061966896057129},"rotation":{"x":0.22011934220790864,"y":-0.45490702986717226,"z":0.11712652444839478,"w":0.8549203872680664},"size":5.330590724945068,"orthographic":true}