{"cameraMode":{"drawMode":0,"name":"Shaded","section":"Shading Mode"},"sceneLighting":false,"audioPlay":false,"sceneViewState":{"m_AlwaysRefresh":false,"showFog":true,"showSkybox":false,"showFlares":true,"showImageEffects":true,"showParticleSystems":true,"showVisualEffectGraphs":true,"m_FxEnabled":true},"in2DMode":false,"pivot":{"x":-0.19783318042755128,"y":0.6759902238845825,"z":-0.10516279935836792},"rotation":{"x":-0.13377070426940919,"y":0.7097467184066773,"z":-0.14018209278583527,"w":-0.6772873997688294},"size":0.649375855922699,"orthographic":true}