{"cameraMode":{"drawMode":0,"name":"Shaded","section":"Shading Mode"},"sceneLighting":false,"audioPlay":false,"sceneViewState":{"m_AlwaysRefresh":false,"showFog":true,"showSkybox":false,"showFlares":true,"showImageEffects":true,"showParticleSystems":true,"showVisualEffectGraphs":true,"m_FxEnabled":true},"in2DMode":false,"pivot":{"x":-0.015116691589355469,"y":0.7841013669967651,"z":0.09293320775032044},"rotation":{"x":0.1324973851442337,"y":0.8004080057144165,"z":-0.19205991923809052,"w":0.5521812438964844},"size":1.458330512046814,"orthographic":true}